"likesCount","timestamp","commentsCount","videoViewCount","videoDuration"
"699251","2023-11-29T16:31:09.000Z","1489","7951694","13.481"
"348654","2023-12-04T17:55:13.000Z","1063","3175143","15.782"
"405155","2023-12-19T18:52:58.000Z","853","4059328","24.401"
"412694","2023-12-14T22:56:07.000Z","887","4484755","22.724"
"2098501","2020-03-13T16:20:24.000Z","13789","17265178","14.133"
"942140","2023-12-28T19:11:55.000Z","1262","9356334","12.345"
"2935545","2021-06-15T15:12:23.000Z","31385","26889273","14.333"
"253092","2023-11-17T18:52:48.000Z","1000","3153373","12.412"
"741486","2023-11-23T15:47:59.000Z","768","10397063","12.4"
"2117049","2019-07-23T13:26:51.000Z","15010","15493665","27.8"
"306493","2023-12-21T14:55:53.000Z","1367","2468181","32.267"
"2191214","2023-12-31T20:07:54.000Z","3144","18228430","30.364"
"243901","2023-10-10T14:12:59.000Z","587","2807471","22.94"
"309528","2023-10-12T16:25:06.000Z","2307","4011335","19.634"
"1219200","2023-11-09T16:23:04.000Z","1436","11434304","19.3"
"384120","2023-09-30T15:34:47.000Z","1617","3455410","15.928"
"291079","2023-10-09T14:10:02.000Z","806","2666425","33.273"
"9008903","2023-11-10T15:11:32.000Z","20128","102090154","16.517"
"225759","2023-09-22T16:18:34.000Z","496","2665941","21.9"
"350361","2023-10-20T17:05:15.000Z","1286","4807717","15.782"
"2581381","2023-10-25T17:50:21.000Z","4153","49311517","12.279"
"743742","2023-08-27T16:40:54.000Z","1016","4568650","13.066"
"503632","2023-09-19T14:09:19.000Z","1059","5335253","16.733"
"479999","2023-09-17T18:03:00.000Z","1075","5207472","14.966"
"6395517","2023-08-23T17:40:35.000Z","6302","70513827","14.5"
"5814431","2023-08-09T22:47:25.000Z","9486","70240280","20.666"
"154246","2023-09-03T23:50:59.000Z","437",,
"764251","2023-09-01T20:33:29.000Z","1221","8413746","14.466"
"676682","2023-10-28T15:26:30.000Z","1558","7976544","22.724"
"1814351","2023-08-16T14:52:56.000Z","1120","17445999","8.1"
"2002963","2023-08-06T15:04:36.000Z","3507","16324517","26.166"
"485096","2023-07-28T13:41:49.000Z","931","3239412","9.033"
"2443175","2023-08-20T14:25:56.000Z","13255","27533617","13.266"
"1054853","2023-07-26T15:17:40.000Z","767","8603039","12.9"
"225897","2023-08-02T13:48:31.000Z","588","3173491","15.8"
"1435387","2023-06-10T16:32:05.000Z","2596","16615578","16.95"
"590589","2023-06-22T14:45:38.000Z","1061","4033546","18.866"
"286978","2023-06-06T18:07:35.000Z","483","3005967","15.51"
"2163185","2023-06-29T21:36:44.000Z","7904","12090891","12.333"
"608659","2023-06-02T16:16:19.000Z","1122","6352219","16.601"
"483276","2023-05-26T19:15:20.000Z","1191","5178814","24.633"
"1108693","2023-07-08T14:52:32.000Z","833","6789033","10.959"
"295651","2023-07-17T16:49:46.000Z","474","3243697","19.7"
"927558","2023-06-16T13:26:30.000Z","1940","8680507","13.211"
"784702","2023-05-30T14:36:10.000Z","2902","6385025","19.852"
"647665","2023-07-05T21:22:03.000Z","1477","6267998","15.766"
"1708228","2023-06-21T16:25:42.000Z","1204","18319269","12.666"
"4425342","2023-04-14T15:04:39.000Z","4537","38546449","15.966"
"225182","2023-04-28T16:41:05.000Z","423","2213786","30.466"
"403902","2023-10-06T16:09:23.000Z","704","3785720","15.742"
"289018","2023-05-22T14:27:06.000Z","684","2515867","19.033"
"431918","2023-05-02T12:45:00.000Z","1266","4378226","15.733"
"357738","2023-05-17T14:56:01.000Z","1471","4198677","23.166"
"760373","2023-05-03T15:15:52.000Z","1324","7060148","30"
"743473","2023-05-14T14:41:25.000Z","1268","5774712","16.9"
"3263696","2023-05-08T13:34:30.000Z","8152","24823903","14.233"
"1614145","2023-03-28T16:22:27.000Z","1781","22420773","13.8"
"4785881","2023-04-27T14:57:02.000Z","9798","68633876","19.833"
"787797","2023-04-05T14:10:18.000Z","1521","8045495","20.9"
"471001","2023-04-20T13:46:35.000Z","1631","5973117","16.966"
"731253","2023-03-09T15:02:59.000Z","655","6461188","17.9"
"435080","2023-03-18T14:35:18.000Z","886","5128246","18.9"
"1511136","2023-02-13T15:52:27.000Z","3769","11355576","36.4"
"593177","2023-03-02T14:59:00.000Z","1267","8080582","17.266"
"977823","2023-02-05T15:43:56.000Z","3546","17375481","15.966"
"437941","2023-02-14T14:31:31.000Z","489","3409445","15.633"
"1064958","2023-02-02T15:19:09.000Z","504","13152278","10.266"
"1512198","2023-03-23T21:19:30.000Z","2028","8997102","18.3"
"385626","2023-02-11T15:05:30.000Z","1170","5175720","9.8"
"336554","2023-01-28T16:28:30.000Z","446","3877963","23.1"
"679688","2023-03-10T15:52:35.000Z","1670","7799217","21.466"
"806421","2022-12-10T15:23:27.000Z","1478","10063106","16.394"
"751941","2022-12-15T15:33:12.000Z","1751","9341697","10.5"
"391589","2023-02-18T15:44:02.000Z","618","8366720","11.833"
"351570","2022-12-09T15:25:09.000Z","899","3705597","40.066"
"373148","2022-12-20T16:00:00.000Z","623","3963177","19.833"
"444751","2022-12-07T15:01:00.000Z","1298","2971453","53"
"401453","2022-12-14T14:39:07.000Z","835","6143435","5.466"
"2911487","2022-11-22T15:02:35.000Z","5198","53967941","8.333"
"290194","2023-01-05T17:39:52.000Z","624","3236177","18.933"
"344107","2023-01-09T14:57:24.000Z","829","2839370","16.833"
"456774","2023-01-21T16:00:26.000Z","981","5263613","14.066"
"3028778","2022-10-28T15:21:40.000Z","3321","38695679","10.666"
"343532","2022-11-05T14:42:47.000Z","534","4546100","10.033"
"631468","2022-10-17T15:30:10.000Z","1635","6726745","11.333"
"649578","2022-09-10T15:22:51.000Z","1074","7074303","8.966"
"851199","2022-07-31T14:23:43.000Z","1784","16437632","14"
"578647","2022-10-04T16:53:06.000Z","1719","6173561","17.233"
"291563","2022-09-17T14:44:56.000Z","881","2738762","28.833"
"254350","2022-09-20T15:23:23.000Z","1283","2679094","9.4"
"375083","2022-08-31T16:51:10.000Z","1002","4187654","11.8"
"342907","2022-09-27T14:34:56.000Z","1396","4490512","13.333"
"342664","2022-12-16T14:48:42.000Z","796","3393697","29.233"
"380976","2022-11-18T20:53:41.000Z","673","6573536","17.8"
"540073","2022-06-07T14:20:10.000Z","876","5907911","13.833"
"1295345","2022-05-13T14:24:22.000Z","2419","9976909","9.633"
"418864","2022-07-21T14:30:55.000Z","677","3829848","9.833"
"857157","2022-05-28T15:04:05.000Z","1248","7979900","16.666"
"1483847","2022-06-24T14:03:52.000Z","4901","10334083","20.966"
"681770","2022-04-21T13:02:03.000Z","2188","5526845","11.933"
"768259","2022-06-22T14:30:29.000Z","2917","6383940","15.6"
"387064","2022-04-13T15:18:02.000Z","766","4084774","10.833"
"737258","2022-04-27T18:11:11.000Z","1555","4709828","18.833"
"516885","2022-10-13T15:03:40.000Z","1215","5085366","16.966"
"801715","2022-06-03T12:58:48.000Z","1738","8327316","8.933"
"667104","2023-01-14T16:03:10.000Z","1820","8864624","12"
"699029","2022-02-18T16:48:30.000Z","1111","9177799","13.733"
"669281","2022-02-23T16:16:16.000Z","2327","5019922","16.7"
"1467511","2022-02-14T15:19:46.000Z","4249","5841974","19.066"
"1519115","2022-04-06T15:23:46.000Z","2493","17993045","13.133"
"1569986","2022-02-11T17:38:47.000Z","3106","13607569","26.266"
"775200","2022-03-17T14:46:29.000Z","1582","9166857","7.666"
"631781","2022-03-11T15:53:19.000Z","588","7419198","6.266"
"714672","2022-07-16T13:31:23.000Z","881","9478006","15.433"
"367401","2022-02-05T16:48:29.000Z","937","3013200","30.833"
"540420","2022-01-29T16:05:10.000Z","596","4972281","18.533"
"432667","2022-04-01T14:47:14.000Z","901","3958644","13.6"
"1074525","2022-01-12T14:47:59.000Z","2120","8669081","16.4"
"1216603","2022-01-16T16:23:11.000Z","1994","9724759","10.3"
"611751","2021-12-07T18:51:53.000Z","957","5389373","14.833"
"603361","2021-10-31T15:47:58.000Z","1050","5487619","11.933"
"618000","2021-11-24T23:35:51.000Z","1281","4801062","20.266"
"1233673","2021-11-12T15:09:16.000Z","3503","8748265","26.366"
"441384","2021-11-23T15:06:21.000Z","659","3686727","25.7"
"665243","2021-12-14T16:34:10.000Z","1091","5301972","18.533"
"901420","2021-12-11T16:49:02.000Z","1537","6850046","13.866"
"632660","2021-12-17T17:12:20.000Z","1079","5544861","11.9"
"779752","2021-11-10T14:48:31.000Z","1363","7883169","13.233"
"480663","2021-10-25T15:07:46.000Z","957","3322996","18.533"
"1161594","2022-06-13T15:04:19.000Z","1012","12381902","9.633"
"219017","2021-10-12T18:32:10.000Z","178","2937167","12.833"
"1321879","2021-10-15T16:54:07.000Z","2735","11794667","26.866"
"1033704","2021-10-04T14:23:02.000Z","1692","9975582","16.466"
"970828","2021-10-20T16:09:49.000Z","956","10965070","10.4"
"2195809","2021-09-07T19:52:59.000Z","2656","29855873","14.333"
"694565","2021-09-20T15:55:18.000Z","1603","5148213","14.833"
"2237132","2021-09-15T18:01:40.000Z","3930","18883638","9.8"
"1092436","2021-09-27T23:47:32.000Z","1778","10927856","13.233"
"454127","2021-09-23T16:11:05.000Z","1104",,
"849052","2021-11-19T20:10:48.000Z","1550","7212291","23.1"
"1294495","2021-10-29T16:09:06.000Z","2606","13193679","15.833"
"518008","2021-10-08T14:51:02.000Z","1487","3759513","20.4"
"566978","2021-09-03T15:11:40.000Z","1082","4452258","27.066"
"1272295","2021-06-09T15:08:00.000Z","3364","8475293","18.8"
"1076835","2021-05-20T14:18:45.000Z","3361","7679061","22.733"
"873667","2021-07-21T15:29:19.000Z","1543","8155939","11.233"
"980840","2021-08-17T13:56:22.000Z","1206","10179519","20.8"
"853378","2021-07-08T14:18:13.000Z","1546","7899797","21.3"
"653854","2021-08-12T13:59:48.000Z","1156","5988261","16.2"
"2302345","2021-06-24T14:52:55.000Z","7701","19166179","17.666"
"982733","2021-07-27T17:08:12.000Z","3050","5947283","28.733"
"726512","2021-08-29T15:23:52.000Z","1501","4795948","19.666"
"841803","2021-04-02T14:54:42.000Z","1330","8975114","14.566"
"2686796","2021-05-04T17:10:57.000Z","6759","28776353","11.966"
"831632","2021-04-22T14:30:42.000Z","1329","8484081","29.9"
"1623841","2021-05-08T15:02:09.000Z","5922","12353241","23.533"
"671420","2021-05-11T17:23:08.000Z","1908","5397864","23.566"
"999366","2021-04-30T15:45:56.000Z","1564","8807811","16.566"
"776702","2021-04-27T15:58:58.000Z","794","7369018","27.2"
"1191061","2021-04-16T14:05:54.000Z","2093","5991774","29.233"
"1132277","2021-03-30T15:21:18.000Z","2632","6699313","29.6"
"713351","2021-05-19T13:02:47.000Z","1160","5813628","18.5"
"437920","2021-07-13T15:00:05.000Z","513","5259230","13.233"
"662992","2021-08-05T17:56:53.000Z","1696","4234173","55.333"
"986918","2021-04-07T15:13:55.000Z","1653","6943890","12.133"
"1315812","2021-09-13T14:09:58.000Z","4402","11317044","13.566"
"602927","2021-06-18T17:38:59.000Z","1157","4384471","18.066"
"1465101","2021-02-14T15:58:44.000Z","1720","7921255","19.633"
"722589","2021-02-20T14:51:41.000Z","1219","6297277","17.733"
"990498","2021-02-12T16:26:40.000Z","1951","5616615","29.966"
"888060","2021-03-23T14:31:07.000Z","3331","5812415","21.3"
"1422491","2021-03-10T14:39:51.000Z","4491","9521750","22.4"
"1117543","2021-03-26T14:25:17.000Z","2409","7956913","14.3"
"940962","2021-02-17T16:20:41.000Z","2163","8073826","13.433"
"877340","2021-03-13T14:27:16.000Z","2229","7093963","16.733"
"1316757","2021-02-22T15:00:41.000Z","3579","7021081","27.733"
"482059","2021-03-22T14:05:35.000Z","1153","4429577","11.5"
"676643","2021-03-04T14:53:23.000Z","2189","11061183","29.333"
"872121","2021-01-13T16:33:31.000Z","3619","8241838","8.8"
"864228","2021-02-04T16:44:11.000Z","2216","6824171","12.8"
"776344","2020-12-22T16:16:43.000Z","2207","6139008","15.666"
"1462595","2021-01-27T15:14:48.000Z","5589","10972697","18.333"
"1052359","2021-01-07T14:30:57.000Z","4136","7483564","20.133"
"717128","2021-01-16T18:04:40.000Z","1235","7804316","13.9"
"961143","2021-03-02T14:40:57.000Z","1638","6734308","11.3"
"325805","2020-12-19T18:01:51.000Z","483",,
"617054","2021-01-25T17:12:21.000Z","1381","4258339","30.033"
"1205381","2020-12-25T16:14:12.000Z","2658","9263796","12.166"
"782520","2021-01-10T17:41:36.000Z","1878","6361119","13.9"
"1056987","2020-12-05T16:18:55.000Z","3775","8970584","12.9"
"1685858","2020-11-11T18:58:49.000Z","4321","21137965","13"
"858203","2020-11-18T16:37:48.000Z","4682","6620729","29.666"
"1197352","2020-12-16T15:31:36.000Z","2272","10290278","12.6"
"853056","2021-04-19T14:43:31.000Z","2115","5794549","17.433"
"1155248","2020-11-17T21:32:16.000Z","2868","10302654","13.4"
"843184","2021-01-22T17:18:05.000Z","2151","5657016","13.966"
"706582","2020-12-02T17:05:42.000Z","2185","5598483","23.5"
"816582","2020-12-18T17:46:17.000Z","2122","5485042","14.233"
"738893","2020-11-25T16:50:44.000Z","2807","4443675","59.6"
"610512","2020-11-15T16:28:01.000Z","1121","5929197","10.5"
"879000","2020-11-26T17:09:52.000Z","2732","6064448","14.966"
"774288","2020-12-10T16:03:44.000Z","2860","4886510","23.9"
"728015","2020-12-24T15:14:40.000Z","1597","4960026","12.166"
"870827","2020-09-27T15:30:07.000Z","2310","7831089","12.833"
"997791","2020-09-24T15:26:51.000Z","2227","6561683","14.1"
"1865673","2020-10-20T15:26:48.000Z","6135","16145905","14.5"
"1057284","2020-09-08T14:22:02.000Z","6047","10132437","10.233"
"417535","2020-09-04T13:03:59.000Z","1555","2824738","54.633"
"669079","2020-10-24T17:33:16.000Z","1648","4509984","23.1"
"1342176","2020-10-30T15:43:46.000Z","4159","12114239","14.966"
"554100","2020-10-28T20:49:25.000Z","1698","4006711","25.166"
"909240","2020-11-28T15:12:09.000Z","2521","5949314","15.566"
"588918","2020-10-29T16:28:06.000Z","1013",,
"766411","2020-10-05T16:23:05.000Z","1233","6809059","12"
"1459788","2020-09-17T20:49:18.000Z","4287","10467728","14.966"
"853173","2020-06-12T17:19:01.000Z","1756","7582548","10.933"
"1005375","2020-08-20T14:00:50.000Z","9146","7185633","117.2"
"1175858","2020-07-15T14:05:20.000Z","5025","8802912","14.466"
"365693","2020-06-02T05:30:47.000Z","1898",,
"1189901","2020-09-02T14:26:51.000Z","9853","10388869","5.166"
"1310393","2020-08-29T13:52:31.000Z","3964","7816928","22.533"
"753816","2020-08-01T14:55:59.000Z","2524","6783552","13.666"
"751712","2020-06-21T15:52:42.000Z","6270","6001337","265"
"1972763","2020-07-25T15:43:55.000Z","11076","11163915","14.466"
"1636233","2020-05-09T15:09:09.000Z","11774","10753682","28.933"
"1078556","2020-05-15T15:17:58.000Z","4287","7481102","18.4"
"392039","2020-05-02T15:49:21.000Z","1564","4456199","21.366"
"791071","2020-05-03T15:21:22.000Z","2097","6096157","14.4"
"1221472","2020-07-21T15:32:01.000Z","6139","8335939","21.633"
"908104","2020-04-15T19:23:13.000Z","3562","7530745","12.833"
"1132069","2020-04-27T14:20:18.000Z","4789","9483811","10.966"
"1128716","2020-05-27T15:41:10.000Z","5028","11218568","28"
"356774","2020-05-01T14:50:42.000Z","2454","4247703","30.4"
"436913","2020-04-14T21:32:27.000Z","838","3974466","47.3"
"931011","2020-05-21T15:06:19.000Z","5619","7152333","17.3"
"1158250","2020-04-03T21:00:17.000Z","8031","7095494","19.533"
"1175602","2020-05-07T14:41:50.000Z","3688","9408442","16.9"
"1172351","2020-02-07T16:29:19.000Z","3096","9885912","16.1"
"786498","2020-03-17T14:43:31.000Z","2857","6586376","13.733"
"999738","2020-02-29T17:10:35.000Z","3262","7564659","11.933"
"1372019","2020-02-26T16:24:44.000Z","5517","11195490","21.6"
"796278","2020-02-12T00:44:07.000Z","1869","7823173","13.833"
"1038244","2020-02-21T15:11:04.000Z","5214","7699885","14.966"
"920220","2020-03-25T15:42:21.000Z","4524","7953752","13.966"
"1022519","2020-03-17T01:56:02.000Z","1904",,
"678099","2020-10-03T13:48:09.000Z","2672","4423342","42.866"
"861886","2020-03-18T15:05:22.000Z","2780","6534333","24"
"1505502","2020-08-24T15:30:46.000Z","4214","11921382","15"
"769599","2020-02-16T16:16:54.000Z","1499","7538028","16.933"
"1178239","2020-03-07T18:10:02.000Z","8628","6867259","33.066"
"1531880","2020-02-14T15:16:08.000Z","3676","11220794","14.766"
"669003","2020-07-02T14:55:47.000Z","1796","5354901","19.766"
"1036059","2019-12-22T14:43:14.000Z","2742","8958206","31.9"
"671828","2020-02-04T18:35:10.000Z","1388","6452094","13.466"
"998367","2019-12-25T16:30:43.000Z","1755",,
"1548898","2020-01-10T14:07:29.000Z","7009","13369500","19.366"
"1121682","2020-01-13T15:17:00.000Z","5335","9296607","26.866"
"755020","2019-12-17T16:55:28.000Z","1357","8394502","12.633"
"1158214","2019-12-31T16:21:48.000Z","2801","9322202","58.933"
"1410770","2020-01-06T14:37:36.000Z","6277","9077163","21.166"
"644560","2019-12-24T16:11:01.000Z","1581","6786981","14.466"
"1175449","2020-01-17T15:14:36.000Z","5588","9936756","11.5"
"760191","2019-11-05T15:55:29.000Z","2522","5228534","9.133"
"779320","2019-11-28T18:29:00.000Z","1784",,
"965647","2019-12-04T14:17:02.000Z","3095","9071158","22.633"
"787354","2019-11-15T14:25:10.000Z","4142","5075020","18.1"
"797236","2019-11-25T18:20:08.000Z","3007","6876437","17.166"
"861533","2020-01-22T18:24:16.000Z","2840","7244457","17.3"
"621185","2019-11-19T12:00:37.000Z","2120","5152683","21.666"
"699150","2019-11-23T14:05:50.000Z","1628","7691317","26"
"1755987","2019-12-09T18:19:17.000Z","13246","14699984","18.333"
"775123","2019-10-31T13:33:18.000Z","2621","6572015","7.6"
"903872","2019-09-27T14:56:59.000Z","5952","7250718","16.1"
"854543","2019-10-25T19:15:21.000Z","3047","5829596","21.866"
"1242864","2019-10-19T14:17:20.000Z","8940","9403444","11.7"
"702661","2019-08-28T12:58:36.000Z","2345","6387488","20.866"
"585732","2019-09-19T13:29:28.000Z","5727","4818593","32.566"
"1015413","2019-10-30T14:11:24.000Z","2813","8080128","19.533"
"487243","2019-09-22T11:55:16.000Z","810","3988576","29.6"
"882312","2019-10-16T14:41:38.000Z","3491","7540571","26"
"970011","2019-10-31T16:38:38.000Z","1619",,
"663291","2019-10-27T14:31:02.000Z","2154","5343410","17.533"
"783369","2019-11-09T15:12:56.000Z","3394","6022162","28.066"
"716898","2019-09-09T11:51:05.000Z","6729","5157505","16"
"396333","2019-07-17T13:23:07.000Z","1060","4494415","255.5"
"985119","2019-08-06T13:51:42.000Z","3607","6427197","35.3"
"1222516","2019-07-09T12:52:28.000Z","6929","8392155","14.333"
"1567243","2019-10-08T17:07:54.000Z","15580","8836663","59.933"
"1029246","2019-07-18T19:12:49.000Z","5185","8173851","21.9"
"777580","2019-07-08T15:49:21.000Z","18759","4648336","431"
"824154","2019-09-24T13:03:15.000Z","2435","6463122","32.166"
"928025","2019-08-08T17:55:19.000Z","4178",,
"1123234","2019-08-22T11:05:28.000Z","6931","7176800","28.066"
"933209","2019-07-04T12:09:52.000Z","3547","7757833","10.1"
"484062","2019-04-03T16:03:55.000Z","1774","5815314","20.1"
"719452","2020-01-28T15:21:16.000Z","2092","7149528","9.4"
"1481140","2019-04-18T17:38:02.000Z","7371",,
"722930","2019-05-28T14:46:25.000Z","2583","8301585","11.166"
"1159817","2019-08-15T17:54:57.000Z","4841","10004521","53.733"
"797754","2019-07-31T13:42:16.000Z","3366","5876830","23.933"
"718432","2019-03-28T14:04:03.000Z","8158",,
"741534","2019-06-28T20:02:33.000Z","2427","7085964","27.2"
"660576","2019-06-25T13:19:11.000Z","2265","5651116","24.566"
"483675","2019-06-18T23:06:49.000Z","1552","4405987","30.7"
"677746","2019-03-26T19:11:14.000Z","6766",,
"453951","2019-05-06T12:17:08.000Z","1284",,
"991341","2019-09-04T17:08:03.000Z","3836","6758243","24"
"1284094","2019-03-14T14:13:30.000Z","6423","9611669","29.336"
"511977","2019-05-15T22:17:09.000Z","1574","4844116","30.133"
"1026337","2019-01-16T19:36:50.000Z","5488","11121634","11.333"
"307801","2018-12-20T04:05:39.000Z","726","2668942","56.906"
"457279","2019-02-04T21:23:05.000Z","958",,
"883622","2019-01-23T21:52:35.000Z","2802","8290348","17.935"
"665515","2019-02-16T15:48:24.000Z","2097","5294461","50.605"
"488095","2018-12-22T14:20:16.000Z","1511","5498963","26.467"
"977806","2018-12-27T20:20:06.000Z","2123",,
"707089","2019-02-05T15:42:03.000Z","2577","5142205","16.333"
"453185","2019-01-04T17:31:17.000Z","1411","4316956","14.034"
"901524","2019-02-14T18:57:30.000Z","2506","7163651","21.066"
"738927","2019-01-08T23:45:20.000Z","3021","7036559","18.266"
"972392","2019-07-11T16:21:39.000Z","2998","8656446","60.033"
"720092","2018-09-19T16:43:09.000Z","2913","6800140","17.067"
"1163587","2018-11-23T17:24:55.000Z","5533","11421636","27.668"
"552144","2018-09-14T13:11:33.000Z","1862","4177075","59.874"
"881158","2018-10-31T14:25:46.000Z","2877","10414574","17.401"
"690019","2018-07-28T17:10:37.000Z","2661","7201114","59.366"
"447976","2018-11-21T19:27:34.000Z","1475","3127780","59.874"
"1335311","2018-08-22T14:01:24.000Z","10119",,
"585879","2018-12-15T14:07:43.000Z","2553","5159522","59.907"
"907145","2018-09-29T20:08:50.000Z","4066","6275044","59.874"
"922226","2018-10-25T14:57:14.000Z","10912","8002642","14.866"
"682026","2018-11-01T02:36:40.000Z","909",,
"1045002","2019-07-02T21:45:03.000Z","4260","6694484","22.1"
"1553183","2018-06-17T22:19:57.000Z","22028",,
"845528","2018-04-24T17:49:09.000Z","3552","6706279","17.233"
"804255","2018-02-02T16:32:47.000Z","3450","6905130","20.666"
"1269446","2018-01-24T00:51:45.000Z","30994","10268525","28.733"
"448297","2018-11-09T17:38:07.000Z","3724",,
"1731263","2018-02-14T17:27:05.000Z","5003","9301547","57.666"
"689537","2018-07-02T21:04:00.000Z","12991","5092035","44.433"
"899892","2018-03-06T23:58:51.000Z","4956","7288434","14.433"
"920366","2018-04-09T15:08:35.000Z","4870","7482808","22.866"
"1133752","2018-07-08T16:07:18.000Z","11281","9582791","20.8"
"2078571","2017-10-10T14:50:27.000Z","5868","9973880","35"
"1310555","2017-11-28T14:49:54.000Z","12804","8987385","55.166"
"957064","2017-12-05T14:14:50.000Z","4751","7904135","59.2"
"860935","2018-05-28T17:00:38.000Z","14651","6596019","30.033"
"743779","2017-11-23T18:51:47.000Z","4531","8370460","19.833"
"890175","2017-12-12T18:53:32.000Z","5711","9417897","20.166"
"969774","2017-10-27T12:23:06.000Z","9370","6429572","60"
"751037","2017-09-14T18:02:26.000Z","2127","6692141","15.3"
"536968","2017-09-26T16:19:02.000Z","2561","4348337","25.233"
"902755","2019-04-22T15:07:19.000Z","3663","8987393","14.833"
"1223699","2018-03-30T16:21:09.000Z","6783","9404910","46.133"
"689696","2017-10-07T12:07:33.000Z","1747","5990970","23.266"
"1047755","2017-09-05T14:14:22.000Z","4743","8048803","22.266"
"1172717","2017-11-10T20:14:05.000Z","5427","9096122","27.333"
"878519","2018-05-15T13:13:17.000Z","4106","5247236","59.866"
"1322783","2017-08-21T12:25:29.000Z","10541","7263587","22.1"
"929199","2017-06-23T15:01:52.000Z","4086","8496672","23.133"
"1013436","2017-05-17T19:51:30.000Z","5213","8464178","24.233"
"947405","2017-08-06T14:44:26.000Z","6149","7513246","17.266"
"950259","2017-04-28T15:11:53.000Z","5482",,
"818422","2019-04-15T17:16:47.000Z","2685","7277849","44.269"
"849389","2017-07-24T14:42:20.000Z","5165","8639007","11.7"
"898182","2017-06-05T12:47:25.000Z","2553","7412182","25.766"
"576864","2017-06-07T13:35:52.000Z","3068",,
"1401049","2017-05-10T13:55:50.000Z","7242","7817663","33.166"
"945093","2017-06-12T08:18:53.000Z","8699","9562577","14.266"
"1101725","2017-06-27T12:06:43.000Z","10081",,
"814696","2017-05-02T17:18:24.000Z","3909","7952445","24.057"
"1288990","2017-07-14T08:16:28.000Z","9965","36006935","23.8"
"956041","2017-02-14T16:03:55.000Z","4762","8800689","17.65"
"1270320","2017-03-31T21:00:47.000Z","6790","9003505","21.554"
"1193725","2017-03-25T12:08:03.000Z","8640","9206978","21.254"
"1216790","2017-03-17T22:37:44.000Z","6626","9137673","19.019"
"919622","2017-04-21T13:01:36.000Z","6941","7659233","21.388"
"919990","2017-01-19T16:28:05.000Z","4216","8605483","10.01"
"879046","2017-01-08T16:48:59.000Z","3273","8586574","20.42"
"1000564","2017-03-02T15:35:34.000Z","12368","8974045","21.388"
"796845","2017-03-09T13:42:01.000Z","10187","8442907","19.686"
"1054051","2016-10-29T14:27:29.000Z","4912","8889456","22.756"
"912958","2016-12-20T14:36:57.000Z","8266","7569456","26.593"
"1158762","2016-11-14T16:41:56.000Z","6796","8730283","18.518"
"1339834","2016-10-08T17:27:19.000Z","7202","10418144","19.919"
"966819","2016-10-26T14:13:33.000Z","5704","8119167","16.182"
"955655","2016-10-04T13:42:48.000Z","4783","8502602","12.245"
"1310376","2016-10-31T23:47:56.000Z","20291","9514950","21.254"
"1656886","2016-11-30T15:28:06.000Z","13586","12402389","29.929"
"1229529","2016-09-14T14:59:52.000Z","9656","9053071","13.88"
"945420","2016-11-24T13:09:18.000Z","5705","10514399","19.886"
"841110","2017-04-25T12:36:05.000Z","1647","7520650","25.392"
"833537","2016-09-24T14:04:54.000Z","7027","12197828","8.708"
"970030","2016-09-08T14:27:37.000Z","10093","9651299","14.514"
"1103685","2016-10-19T15:48:46.000Z","4363","8887102","17.083"
"1134454","2016-11-05T15:02:54.000Z","10960","10320128","20.387"
"1049641","2016-07-12T14:35:18.000Z","10766","8171041","23.189"
"1105288","2016-07-20T15:47:37.000Z","18104","9657888","17.984"
"1051412","2016-07-26T13:17:40.000Z","6606","9173415","12.012"
"890456","2016-08-17T15:17:14.000Z","4095","9774783","16.75"
"1100695","2016-08-13T16:58:37.000Z","114119","7374825","54.254"
"1187479","2016-08-01T14:36:31.000Z","9122","11127332","14.681"
"897621","2016-07-16T16:17:00.000Z","3506","8045575","12.278"
"1117376","2016-09-02T15:42:55.000Z","6848","9980561","23.857"
"1199487","2016-08-26T14:44:22.000Z","20532","11769784","11.077"
"2150918","2016-08-10T17:43:01.000Z","8402","10361128","22.756"
"914458","2016-08-05T14:05:49.000Z","3700","8246734","17.35"
"936012","2016-06-15T12:33:44.000Z","4325","7686895","16.316"
"1034635","2016-06-11T14:00:07.000Z","6452","7782447","23.423"
"930285","2016-06-24T19:00:04.000Z","4239","7818183","11.244"
"1185997","2016-07-08T17:05:52.000Z","8399","9986825","23.523"
"1347749","2016-08-22T14:14:10.000Z","16628","12246789","23.323"
"902821","2016-06-03T13:31:38.000Z","6088","6984587","13.5"
"1148494","2016-04-25T13:36:33.000Z","12721","8819883","10.944"
"1182569","2016-05-12T13:27:11.000Z","13058","8416891","23.125"
"917875","2016-05-25T12:03:26.000Z","4496","8507757","7.916"
"980365","2016-04-15T15:36:24.000Z","5364","7882376","11.578"
"993093","2016-06-20T14:11:34.000Z","7971","8589378","17.35"
"1064314","2016-06-28T12:08:42.000Z","7851","8788856","12.556"
"1042235","2016-07-04T12:08:31.000Z","4793","9719707","19.052"
"1061359","2016-03-26T12:49:20.000Z","15504","8598841","15.015"
"975760","2016-04-05T14:18:31.000Z","6052","9198681","8.875"
"1190578","2016-03-07T15:02:31.000Z","9150","9634163","15.015"
"1164511","2016-02-17T16:32:40.000Z","12479","11688082","14.047"
"1153883","2016-03-21T12:01:42.000Z","62164",,
"1222271","2016-02-26T14:11:19.000Z","7991","9681133","14.948"
"1026281","2016-03-17T13:28:13.000Z","5814","11696212","6.606"
"1139880","2016-02-20T13:17:20.000Z","7176","10686537","11.945"
"1352495","2016-04-01T08:09:38.000Z","75973","10061234","14.981"
"1074557","2016-03-16T17:14:09.000Z","7817","9492293","10.043"
"3208726","2016-02-14T14:40:58.000Z","33900","12522991","14.981"
"993059","2016-02-07T20:16:07.000Z","4260","10276457","7.507"
"1048329","2016-01-30T19:50:41.000Z","7467","9651593","11.578"
"1015223","2016-01-13T16:54:26.000Z","2684",,
"1203951","2016-02-08T17:00:06.000Z","12090","10172262","0"
"1128116","2016-01-23T15:40:42.000Z","7215","9844321","0"
"1115901","2016-01-28T14:12:52.000Z","13069","9028512","0"
"1215808","2016-01-09T19:04:05.000Z","25009","12322650","8.641"
"1042915","2016-02-29T12:23:46.000Z","5006","9190828","14.981"
"1155633","2016-01-12T12:49:20.000Z","10858","9591952","0"
"971318","2016-03-22T14:11:41.000Z","5688","9375091","14.981"
"1864594","2016-02-11T18:38:43.000Z","23911","9448002","10.41"
"1202882","2016-01-16T14:59:07.000Z","16215","10041756","0"
"1264232","2016-01-19T14:01:11.000Z","21648","9602427","0"
"1242550","2015-12-18T14:57:30.000Z","17391","9785428","15.048"
"1299259","2016-01-01T04:21:23.000Z","8631","9800938","14.481"
"1053789","2016-01-05T12:09:55.000Z","22184","9607560","7.741"
"1189004","2015-12-21T18:49:21.000Z","20563","9917437","13.88"
"1171665","2015-12-26T16:23:52.000Z","13613","10278553","14.114"
"1243056","2015-12-12T14:30:04.000Z","24598","13177661","14.214"
"1055172","2015-12-10T14:05:00.000Z","11296","9202057","12.312"
"1066389","2015-12-24T08:47:49.000Z","9103","9745756","12.812"
"1246307","2015-12-30T20:01:47.000Z","26223","11823358","13.58"
"1082534","2016-01-07T13:00:52.000Z","15862","10333566","0"
"1143774","2015-10-31T23:43:19.000Z","6997","0","14.147"
"1102433","2015-11-11T14:06:08.000Z","26009","0","10.243"
"994971","2015-11-19T07:04:05.000Z","8296","0","8.441"
"995073","2015-11-09T13:47:49.000Z","8760","0","12.278"
"919105","2015-11-05T16:39:31.000Z","3714","0","15.015"
"1486328","2015-12-17T00:56:42.000Z","22170","18967912","15.015"
"1038792","2015-11-17T14:10:45.000Z","8677","0","5.805"
"1031639","2015-11-14T13:56:34.000Z","12381","0","14.981"
"1099506","2015-12-07T14:07:14.000Z","11197","8045976","0"
"933193","2015-10-31T17:24:28.000Z","7437","0","14.981"
"971877","2015-12-01T13:56:17.000Z","11200","8880493","9.642"
"842012","2015-10-13T07:09:45.000Z","21041","0","9.009"
"907377","2015-10-29T14:59:09.000Z","7157","0","12.445"
"841459","2015-10-04T17:36:14.000Z","28195","0","8.508"
"975978","2015-10-08T13:29:28.000Z","39469","0","8.908"
"833348","2015-11-04T16:04:56.000Z","8845","0","14.981"
"986724","2015-11-22T13:56:37.000Z","8007","9025154","11.077"
"965860","2015-12-09T14:09:56.000Z","7782","8201905","10.977"
"905167","2015-10-30T12:45:44.000Z","5955","0","15.015"
"996397","2015-10-21T14:56:18.000Z","13657","0","15.015"
"2799935","2015-10-23T15:10:31.000Z","14527","0","13.947"
"936037","2015-10-10T13:52:48.000Z","12596","0","14.981"
"901459","2015-10-20T15:02:10.000Z","10473","0","15.015"
"858435","2015-09-26T17:02:42.000Z","12156","0","14.08"
"836609","2015-09-22T12:39:45.000Z","8147","0","14.748"
"769490","2015-09-09T12:02:26.000Z","10634","0","6.673"
"810252","2015-09-30T12:05:13.000Z","6406","0","13.947"
"742485","2015-09-23T20:36:14.000Z","5549","0","13.78"
"827153","2015-09-13T13:06:39.000Z","8228","0","13.58"
"873683","2015-08-26T18:46:02.000Z","10978","0","13.98"
"871140","2015-09-01T13:23:39.000Z","11628","0","15.015"
"941206","2015-09-05T14:17:33.000Z","43739","0","9.442"
"808284","2015-09-24T16:19:32.000Z","5139","0","10.877"
"846221","2015-09-28T18:41:15.000Z","16280","0","9.642"
"817135","2015-10-27T21:12:21.000Z","7393","0","12.645"
"931711","2015-07-09T17:09:35.000Z","6816","0","15.015"
"885313","2015-07-17T17:54:31.000Z","22122","0","15.015"
"840458","2015-07-02T14:59:34.000Z","12002","0","8.541"
"716147","2015-08-20T03:25:59.000Z","11143","0","6.74"
"779034","2015-08-13T15:45:22.000Z","8800","0","7.107"
"677707","2015-07-13T12:59:31.000Z","2126",,
"792620","2015-08-25T15:00:46.000Z","14386","0","10.143"
"846733","2015-09-03T13:10:20.000Z","7940","0","9.976"
"875459","2015-08-04T06:01:11.000Z","37764","0","6.773"
"858165","2015-07-22T18:44:50.000Z","21351","0","7.374"
"781000","2015-07-26T17:19:16.000Z","24274","0","8.174"
"864369","2015-08-17T12:41:00.000Z","21650","0","8.408"
"746458","2015-06-24T17:07:31.000Z","5126","0","11.544"
"913276","2015-10-18T13:53:17.000Z","16406","0","11.144"
"832984","2015-05-31T13:03:27.000Z","36290","0","12.979"
"900053","2015-07-27T16:17:42.000Z","15894","0","10.577"
"875030","2015-06-01T11:30:55.000Z","23632","0","6.039"
"854398","2015-06-19T13:09:18.000Z","8459","0","12.178"
"739266","2015-06-18T05:29:06.000Z","13030","0","9.242"
"700792","2015-06-13T12:58:47.000Z","13117","0","8.942"
"797058","2015-06-16T14:16:50.000Z","11282","0","8.541"
"548700","2015-06-26T15:29:37.000Z","1155",,
"2535528","2015-06-20T15:13:18.000Z","17687","0","15.015"
"706129","2015-05-29T05:10:05.000Z","11361","0","9.776"
"621486","2015-05-20T12:35:46.000Z","2045",,
"390774","2015-05-06T21:56:11.000Z","440",,
"584306","2015-05-28T03:12:43.000Z","1964",,
"736190","2015-05-06T06:12:12.000Z","65001","0","6.639"
"847042","2015-05-28T13:53:58.000Z","31385","0","13.146"
"798513","2015-05-21T12:33:20.000Z","40659","0","11.044"
"745556","2015-05-18T19:06:26.000Z","4198","0","7.841"
"472212","2015-05-15T19:00:55.000Z","1094",,
"592925","2015-05-08T13:09:52.000Z","4283","0","11.544"
"791456","2015-10-07T13:33:43.000Z","10105","0","12.545"
"786319","2015-06-28T19:18:59.000Z","19253","0","7.974"
"1035913","2015-06-29T13:12:24.000Z","17843","0","15.015"
"706201","2015-05-12T15:05:34.000Z","5635","0","13.546"
"672958","2015-05-05T22:09:39.000Z","5881","0","15.015"
"729694","2015-06-05T13:57:20.000Z","11887","0","7.841"
"2165658","2015-04-18T14:22:03.000Z","23483","0","11.778"
"669669","2015-04-25T14:11:28.000Z","16119","0","10.11"
"645221","2015-04-13T15:14:46.000Z","19949","0","6.206"
"590806","2015-04-16T12:05:18.000Z","3007",,
"719916","2015-04-10T12:36:43.000Z","22693","0","13.847"
"653066","2015-05-04T12:18:08.000Z","20565","0","14.948"
"827276","2015-04-22T16:07:49.000Z","54285","0","14.547"
"449844","2015-04-11T18:06:24.000Z","4224",,
"684377","2015-04-30T23:13:34.000Z","7615","0","13.079"
"726603","2015-03-31T19:36:54.000Z","25014","0","11.644"
"427871","2015-03-24T04:13:06.000Z","1230",,
"1744673","2015-03-30T05:49:57.000Z","12252","0","13.079"
"369125","2015-03-14T17:56:52.000Z","12780",,
"633081","2015-03-27T12:34:48.000Z","18506","0","6.973"
"426195","2015-03-07T21:12:42.000Z","1667",,
"527502","2015-03-20T12:56:47.000Z","8406",,
"626267","2015-04-13T17:35:46.000Z","3301","0","14.18"
"599901","2015-03-08T16:51:42.000Z","16792","0","9.909"
"447886","2015-03-13T13:29:34.000Z","2543",,
"575884","2015-04-04T12:09:55.000Z","16626","0","7.54"
"669022","2015-03-22T16:10:16.000Z","32015","0","7.64"
"630186","2015-03-05T15:01:16.000Z","22706","0","11.711"
"450111","2015-03-11T17:45:58.000Z","2404",,
"570210","2015-02-13T00:49:26.000Z","10086","0","13.88"
"729151","2015-02-22T06:19:07.000Z","9235","0","11.478"
"503391","2015-02-26T17:18:24.000Z","2766","0","11.411"
"378811","2015-02-22T22:32:45.000Z","683",,
"528777","2015-03-03T05:16:49.000Z","10135","0","6.406"
"1669075","2015-02-14T13:05:44.000Z","15232","0","14.848"
"431229","2015-02-20T19:04:05.000Z","1758",,
"604433","2015-02-18T16:51:55.000Z","42619","0","15.015"
"371168","2015-02-25T19:44:14.000Z","1339",,
"549430","2015-02-28T19:43:10.000Z","5409","0","9.876"
"535339","2015-02-24T15:32:54.000Z","4499","0","13.413"
"300102","2015-01-22T19:30:45.000Z","919",,
"446733","2015-01-21T02:56:12.000Z","6325","0","8.908"
"768060","2015-04-03T12:31:43.000Z","35267","0","11.111"
"480941","2015-01-29T23:14:07.000Z","3209",,
"567984","2015-02-23T01:28:58.000Z","4716","0","7.707"
"388719","2015-02-05T13:05:33.000Z","3468",,
"301532","2015-01-28T03:19:27.000Z","1068",,
"462204","2015-01-23T17:34:57.000Z","3636","0","11.711"
"364786","2015-02-04T17:52:37.000Z","2275",,
"422596","2015-02-08T13:04:24.000Z","2153",,
"512602","2015-01-24T15:36:57.000Z","9980","0","14.981"
"572361","2015-02-11T13:58:07.000Z","14414","0","8.541"
"244601","2014-12-26T07:47:08.000Z","758",,
"467377","2015-01-03T16:55:41.000Z","10490","0","7.64"
"424979","2015-01-08T05:15:53.000Z","20561","0","7.941"
"507701","2015-01-13T21:10:20.000Z","9662","0","14.881"
"499760","2015-01-17T03:55:32.000Z","13669","0","7.841"
"250145","2014-12-28T21:08:09.000Z","1362",,
"425926","2014-12-30T08:15:49.000Z","6141","0","13.847"
"464227","2015-01-05T17:37:33.000Z","8283","0","14.214"
"495589","2015-01-15T03:44:41.000Z","14319","0","14.981"
"411186","2014-12-28T23:32:38.000Z","8974",,
"451556","2015-01-10T06:46:54.000Z","9434","0","6.606"
"411482","2015-01-25T13:34:35.000Z","8334",,
"299297","2015-01-15T20:59:08.000Z","1232",,
"315258","2014-12-19T16:02:10.000Z","3836","0","6.473"
"376215","2014-12-13T16:09:00.000Z","5532","0","6.94"
"364568","2014-12-13T23:06:29.000Z","2741",,
"403965","2014-12-18T16:33:13.000Z","6689","0","14.981"
"216753","2014-12-23T18:18:00.000Z","792",,
"396011","2014-12-21T06:09:49.000Z","12683","0","7.173"
"338946","2014-12-11T18:22:20.000Z","2302","0","6.94"
"424063","2014-12-25T00:04:41.000Z","4993","0","8.975"
"401907","2014-12-22T03:43:09.000Z","7838","0","6.639"
"382659","2014-12-24T16:21:49.000Z","12070","0","11.044"
"1135547","2015-01-31T13:04:10.000Z","23363","0","13.646"
"335937","2014-12-25T14:34:24.000Z","936",,
"367232","2014-12-05T20:04:04.000Z","5910",,
"389240","2014-11-27T02:13:02.000Z","9092","0","6.74"
"384799","2014-12-02T18:07:22.000Z","4402","0","12.545"
"369947","2014-11-28T08:19:29.000Z","8773","0","6.639"
"234294","2014-11-28T16:04:11.000Z","2000",,
"355272","2014-12-04T08:39:46.000Z","2751","0","7.04"
"465693","2014-12-09T18:41:17.000Z","20975","0","14.848"
"360223","2014-11-29T15:10:23.000Z","11698","0","9.576"
"309297","2014-11-30T17:02:48.000Z","2553","0","9.142"
"231005","2014-12-01T16:20:50.000Z","1620",,
"273116","2014-12-07T23:04:53.000Z","5673",,
"1302624","2014-12-06T17:22:26.000Z","11069","0","12.846"
"500088","2014-11-24T17:11:57.000Z","34671","0","13.246"
"246811","2014-11-16T01:47:02.000Z","2391",,
"328732","2014-11-15T20:36:41.000Z","2884","0","14.981"
"308743","2014-11-13T19:01:37.000Z","5271","0","14.681"
"370064","2014-11-21T01:49:16.000Z","24738","0","14.848"
"178731","2014-11-23T18:26:35.000Z","443",,
"338206","2014-11-22T08:02:48.000Z","6650","0","6.806"
"297144","2014-11-15T08:17:21.000Z","3319","0","6.84"
"227710","2014-11-14T20:20:38.000Z","1322",,
"327590","2014-11-16T18:15:39.000Z","5922","0","7.007"
"434701","2014-12-16T16:26:59.000Z","13672","0","14.814"
"292259","2014-11-13T06:12:04.000Z","4009","0","6.906"
"277575","2014-11-08T23:19:41.000Z","2757","0","9.109"
"330877","2014-11-10T21:35:39.000Z","18411","0","11.311"
"223195","2014-11-11T23:50:21.000Z","1298",,
"350547","2014-11-03T04:42:40.000Z","11653","0","10.41"
"261614","2014-11-03T17:48:59.000Z","1607","0","8.508"
"233403","2014-11-08T06:19:24.000Z","4327","0","6.506"
"359595","2014-11-01T18:17:48.000Z","12352","0","12.045"
"170148","2014-11-02T23:06:37.000Z","1911",,
"236072","2014-11-18T17:54:46.000Z","2002",,
"179330","2014-11-09T22:52:47.000Z","703",,
"920275","2014-10-13T15:14:49.000Z","10699","0","13.146"
"298306","2014-10-29T13:11:45.000Z","4992","0","7.04"
"141455","2014-10-23T02:27:11.000Z","389",,
"265386","2014-10-30T13:39:07.000Z","3612","0","7.741"
"293640","2014-10-31T14:25:55.000Z","4834","0","13.013"
"301460","2014-10-25T13:18:49.000Z","3405","0","8.975"
"155543","2014-10-24T16:38:02.000Z","390",,
"154825","2014-10-28T19:42:51.000Z","552",,
"217371","2014-10-29T02:42:26.000Z","853",,
"214507","2014-11-05T10:28:19.000Z","13371",,
"148519","2014-10-08T14:49:31.000Z","4695",,
"163305","2014-10-07T16:27:44.000Z","930",,
"129188","2014-09-30T21:31:45.000Z","438",,
"339275","2014-10-08T17:43:57.000Z","11851","0","0"
"165539","2014-09-26T17:02:01.000Z","872",,
"142266","2014-10-12T20:11:18.000Z","792",,
"339838","2014-10-11T18:38:05.000Z","17850","0","15.015"
"276263","2014-10-10T03:51:48.000Z","4922","0","0"
"270155","2014-09-28T13:55:36.000Z","4056","0","0"
"296377","2014-10-06T04:09:08.000Z","3356","0","0"
"194243","2014-10-29T22:31:02.000Z","955",,
"163244","2014-10-09T19:59:42.000Z","1026",,
"169267","2014-10-19T21:52:42.000Z","1018",,
"138296","2014-09-24T14:18:33.000Z","667",,
"252278","2014-09-13T05:04:39.000Z","5617","0","0"
"150965","2014-09-11T20:15:42.000Z","775",,
"128292","2014-09-19T03:04:02.000Z","504",,
"123428","2014-09-18T00:06:32.000Z","513",,
"289089","2014-09-15T17:50:26.000Z","6578","0","0"
"142507","2014-09-11T14:23:48.000Z","870",,
"286452","2014-09-21T19:31:45.000Z","7709","0","0"
"146987","2014-09-17T21:25:31.000Z","1741",,
"156993","2014-09-13T18:01:52.000Z","475",,
"148615","2014-10-04T03:25:09.000Z","596",,
"127540","2014-09-10T14:55:00.000Z","6605",,
"211225","2014-09-08T13:53:09.000Z","1647","0","0"
"305393","2014-09-10T04:51:25.000Z","7130","0","0"
"149209","2014-09-16T21:50:15.000Z","805",,
"258586","2014-09-02T22:30:59.000Z","11372","0","0"
"133188","2014-09-08T21:09:31.000Z","734",,
"144509","2014-09-07T03:50:19.000Z","906",,
"169777","2014-09-05T13:43:47.000Z","1461",,
"224478","2014-09-05T06:12:43.000Z","3161","0","0"
"113150","2014-08-31T19:26:51.000Z","835",,
"126864","2014-09-03T21:55:52.000Z","565",,
"107981","2014-09-04T21:40:36.000Z","281",,
"282275","2014-09-01T04:21:19.000Z","5429","0","0"
"139322","2014-08-30T18:55:20.000Z","492",,
"272379","2014-11-02T06:40:24.000Z","4467","0","5.605"
"182344","2014-08-25T18:32:29.000Z","2651","0","0"
"236905","2014-08-25T03:22:04.000Z","11968","0","0"
"171878","2014-11-06T10:26:43.000Z","1947",,
"326286","2014-10-15T00:51:58.000Z","9432","0","13.179"
"138822","2014-08-29T00:32:20.000Z","739",,
"244321","2014-08-27T05:25:40.000Z","3972","0","0"
"152737","2014-08-25T00:17:49.000Z","3665",,
"229638","2014-08-26T06:31:13.000Z","6436","0","0"
"117651","2014-08-28T07:06:24.000Z","431",,
"140135","2014-08-26T02:50:51.000Z","735",,
"109607","2014-08-18T17:23:40.000Z","820",,
"125194","2014-08-21T04:57:15.000Z","2813",,
"229794","2014-08-23T00:35:53.000Z","4056","0","0"
"109654","2014-08-22T13:14:42.000Z","560",,
"217994","2014-08-30T03:07:43.000Z","2358","0","0"
"270016","2014-08-20T04:17:53.000Z","4293","0","0"
"192329","2014-08-19T20:41:43.000Z","3425","0","0"
"210771","2014-08-18T04:53:50.000Z","4043","0","0"
"208728","2014-08-17T06:10:13.000Z","3083","0","0"
"249944","2014-08-22T04:47:43.000Z","10991","0","0"
"215530","2014-08-24T03:10:09.000Z","6916","0","0"
"107457","2014-08-29T19:15:09.000Z","984",,
"206330","2014-08-21T07:59:46.000Z","3497","0","0"
"108709","2014-08-10T18:06:25.000Z","348",,
"193649","2014-08-10T23:42:40.000Z","6530","0","0"
"197924","2014-08-09T23:54:52.000Z","2267","0","0"
"205008","2014-08-16T06:47:57.000Z","3507","0","0"
"222516","2014-08-15T01:18:39.000Z","3118","0","0"
"111358","2014-08-16T21:45:56.000Z","1322",,
"128793","2014-08-27T00:38:32.000Z","1032",,
"109803","2014-08-15T14:45:59.000Z","467",,
"138001","2014-08-11T18:05:04.000Z","866",,
"137006","2014-08-12T00:49:32.000Z","1071",,
"115860","2014-08-14T19:57:31.000Z","460",,
"182444","2014-08-14T05:17:40.000Z","33182","0","0"
"111875","2014-08-05T17:20:28.000Z","493",,
"209312","2014-08-09T05:20:33.000Z","5881","0","0"
"174990","2014-08-02T18:50:10.000Z","2518","0","0"
"224331","2014-08-16T03:02:56.000Z","8405","0","0"
"81072","2014-07-29T19:27:39.000Z","259",,
"92555","2014-08-06T19:29:25.000Z","281",,
"162088","2014-08-17T14:47:39.000Z","1910",,
"204176","2014-07-27T17:57:06.000Z","4731","0","0"
"175095","2014-08-08T18:49:15.000Z","9482","0","0"
"76937","2014-08-03T20:07:38.000Z","310",,
"76036","2014-07-24T14:44:33.000Z","540",,
"163986","2014-07-21T19:13:04.000Z","7001","0","0"
"108581","2014-07-22T14:47:27.000Z","635",,
"204035","2014-08-07T14:17:51.000Z","4622","0","0"
"97127","2014-08-08T00:30:54.000Z","942",,
"172630","2014-07-13T19:45:04.000Z","4844","0","0"
"216649","2014-07-19T18:05:36.000Z","13042","0","0"
"180646","2014-07-15T21:25:21.000Z","5041","0","0"
"106890","2014-07-14T06:40:37.000Z","703",,
"165211","2014-07-12T15:34:56.000Z","3967","0","0"
"88807","2014-07-16T21:58:58.000Z","438",,
"165676","2014-07-17T22:20:58.000Z","3155","0","0"
"179694","2014-07-22T19:27:30.000Z","3153","0","0"
"183227","2014-08-06T14:30:02.000Z","3544","0","0"
"193469","2014-07-25T17:54:34.000Z","7108","0","0"
"193353","2014-06-26T18:17:38.000Z","6502","0","0"
"94057","2014-06-27T16:57:34.000Z","1127",,
"217616","2014-07-09T16:44:43.000Z","12732","0","0"
"71680","2014-07-10T16:11:55.000Z","392",,
"69053","2014-07-02T20:48:34.000Z","401",,
"158562","2014-06-30T17:22:36.000Z","2978","0","0"
"82753","2014-07-09T02:32:14.000Z","1947",,
"70070","2014-07-07T22:27:26.000Z","582",,
"165237","2014-07-05T02:48:58.000Z","7292",,
"235961","2014-08-13T04:52:14.000Z","11055","0","0"
"217147","2014-07-01T06:59:10.000Z","10613","0","0"
"99968","2014-07-30T23:32:33.000Z","850",,
"78014","2014-06-11T19:25:05.000Z","416",,
"88562","2014-06-18T19:00:12.000Z","562",,
"166155","2014-06-17T15:22:16.000Z","4249","0","0"
"139198","2014-06-17T19:01:32.000Z","3358",,
"64631","2014-06-21T18:11:37.000Z","133",,
"77844","2014-06-24T16:24:24.000Z","1489",,
"148744","2014-06-11T17:10:34.000Z","3464","0","0"
"174796","2014-06-20T00:08:36.000Z","6409","0","0"
"72159","2014-07-11T22:48:35.000Z","364",,
"67573","2014-06-15T20:27:01.000Z","296",,
"166410","2014-06-20T21:43:35.000Z","5323","0","0"
"234385","2014-06-13T15:24:51.000Z","17318","0","0"
"72851","2014-06-22T07:47:15.000Z","715",,
"66092","2014-06-09T16:09:24.000Z","581",,
"84502","2014-06-06T18:12:39.000Z","635",,
"172525","2014-06-01T17:15:52.000Z","7456","0","0"
"54697","2014-06-04T02:00:22.000Z","171",,
"155457","2014-06-03T17:52:17.000Z","7917","0","0"
"205396","2014-06-04T19:53:15.000Z","9969","0","0"
"41304","2014-05-30T18:05:51.000Z","69",,
"140958","2014-06-05T14:07:42.000Z","3137","0","0"
"158328","2014-05-30T23:02:52.000Z","7126","0","0"
"144837","2014-06-08T16:43:56.000Z","4366","0","0"
"78032","2014-06-15T00:16:58.000Z","1178",,
"285173","2014-05-24T18:16:42.000Z","30484","0","0"
"75589","2014-05-22T19:30:30.000Z","410",,
"45537","2014-05-28T17:38:55.000Z","114",,
"159887","2014-05-29T15:49:31.000Z","7542","0","0"
"45498","2014-05-16T19:43:19.000Z","724",,
"181555","2014-05-17T19:37:58.000Z","16713","0","0"
"140746","2014-05-27T22:00:46.000Z","2406","0","0"
"145737","2014-05-14T16:12:15.000Z","3214","0","0"
"140358","2014-05-19T21:44:57.000Z","1783","0","0"
"51053","2014-05-18T00:59:23.000Z","581",,
"138912","2014-05-10T18:45:53.000Z","3746","0","0"
"137803","2014-04-30T16:33:16.000Z","3768","0","0"
"73122","2014-05-02T00:30:24.000Z","576",,
"44853","2014-04-23T23:21:48.000Z","147",,
"41270","2014-05-06T03:19:29.000Z","462",,
"58743","2014-05-23T20:44:02.000Z","161",,
"147130","2014-05-04T14:57:32.000Z","2889","0","0"
"135715","2014-04-20T14:02:18.000Z","5647","0","0"
"42433","2014-05-07T02:01:05.000Z","152",,
"138296","2014-05-09T01:58:32.000Z","5276","0","0"
"50776","2014-05-13T19:33:42.000Z","149",,
"158684","2014-05-03T13:59:35.000Z","7611","0","0"
"52999","2014-04-19T21:57:01.000Z","327",,
"25974","2014-03-09T06:03:00.000Z","105",,
"28868","2014-04-05T17:33:32.000Z","70",,
"65108","2014-06-03T00:16:57.000Z","349",,
"32826","2014-03-20T16:08:26.000Z","122",,
"32992","2014-04-02T19:16:45.000Z","234",,
"36424","2014-04-11T19:11:50.000Z","311",,
"26440","2014-03-07T19:00:00.000Z","328",,
"28538","2014-04-04T17:18:41.000Z","57",,
"28021","2014-03-29T20:30:46.000Z","77",,
"81161","2014-05-31T22:52:11.000Z","806",,
"27480","2014-04-04T21:13:35.000Z","60",,
"28403","2014-03-05T17:33:43.000Z","112",,
"43684","2014-04-08T21:45:24.000Z","182",,
"36613","2014-03-11T23:37:53.000Z","235",,
"24132","2014-03-04T02:49:04.000Z","336",,
"26218","2014-03-01T14:20:56.000Z","104",,
"23884","2014-03-02T17:06:50.000Z","146",,
"29471","2014-02-27T14:47:15.000Z","227",,
"20941","2014-02-18T18:26:43.000Z","64",,
"26794","2014-02-14T17:21:14.000Z","1151",,
"35183","2014-03-03T17:33:24.000Z","253",,
"21781","2014-02-28T16:58:45.000Z","61",,
"22509","2014-02-23T22:13:25.000Z","143",,
"21736","2014-02-12T22:52:38.000Z","192",,
"18010","2014-02-09T21:44:41.000Z","100",,
"33030","2014-02-17T20:34:39.000Z","229",,
"98378","2014-01-27T19:35:12.000Z","802","0","0"
"27171","2014-02-07T08:09:33.000Z","299",,
"15559","2014-01-29T17:30:20.000Z","99",,
"17740","2014-02-04T07:31:47.000Z","81",,
"16912","2014-02-04T18:57:08.000Z","67",,
"15757","2014-02-01T23:46:29.000Z","122",,
"18422","2014-02-07T18:48:38.000Z","200",,
"24287","2014-02-04T23:33:04.000Z","1491",,
"23963","2014-02-05T20:37:08.000Z","140",,
"18961","2014-01-26T16:23:50.000Z","67",,
"27608","2014-02-25T22:43:24.000Z","74",,
"16808","2014-01-21T07:06:51.000Z","66",,
"23681","2014-01-18T18:16:38.000Z","306",,
"25582","2014-01-26T06:24:45.000Z","100",,
"15829","2014-01-17T22:55:13.000Z","56",,
"22845","2014-01-16T04:32:46.000Z","120",,
"17253","2014-01-03T21:17:20.000Z","576",,
"110829","2014-01-09T06:22:19.000Z","1597","0","0"
"93553","2014-01-25T15:01:41.000Z","725","0","0"
"125818","2014-01-14T22:00:30.000Z","3364","0","0"
"15230","2014-01-10T18:21:14.000Z","98",,
"20539","2014-01-01T21:33:43.000Z","605",,
"20064","2014-01-30T19:08:32.000Z","280",,
"17341","2014-01-31T00:58:53.000Z","61",,
"18101","2013-12-13T20:23:18.000Z","213",,
"18063","2013-12-22T06:15:21.000Z","112",,
"14699","2013-12-21T19:50:30.000Z","63",,
"16400","2013-12-19T21:41:54.000Z","318",,
"16449","2013-12-20T19:07:08.000Z","107",,
"14343","2013-12-24T19:47:51.000Z","76",,
"16302","2013-12-29T05:32:42.000Z","212",,
"18144","2013-12-12T21:01:02.000Z","141",,
"18705","2013-12-31T14:33:41.000Z","272",,
"11645","2013-12-18T00:44:42.000Z","213",,
"15231","2013-12-12T17:31:59.000Z","551",,
"13900","2013-12-22T20:27:01.000Z","107",,
"12075","2013-12-06T20:17:28.000Z","87",,
"12256","2013-10-30T22:17:31.000Z","90",,
"15397","2013-11-01T16:48:33.000Z","236",,
"14150","2013-10-30T14:03:32.000Z","119",,
"15637","2013-12-08T03:55:41.000Z","399",,
"10945","2013-12-03T19:46:54.000Z","43",,
"13084","2013-10-29T21:58:50.000Z","129",,
"10928","2013-12-01T22:58:25.000Z","62",,
"10701","2013-11-29T20:39:46.000Z","48",,
"13793","2013-11-01T04:53:53.000Z","298",,
"14043","2013-12-06T04:24:03.000Z","179",,
"13637","2013-11-02T07:11:02.000Z","137",,
"28715","2013-10-13T04:07:46.000Z","114",,
"92642","2013-10-10T15:12:49.000Z","1094","0","0"
"85594","2013-10-12T16:59:16.000Z","1335","0","0"
"10209","2013-10-26T20:12:01.000Z","47",,
"15964","2013-10-19T14:16:50.000Z","137",,
"15779","2013-10-28T16:48:31.000Z","225",,
"12691","2013-10-27T12:38:45.000Z","109",,
"9329","2013-10-16T22:01:28.000Z","31",,
"9814","2013-10-15T22:38:01.000Z","44",,
"16108","2013-10-14T10:14:53.000Z","97",,
"18017","2013-10-20T20:36:51.000Z","61",,
"16406","2013-12-11T02:15:11.000Z","151",,
"13653","2013-10-21T23:00:34.000Z","99",,
"16958","2013-10-09T19:39:46.000Z","54",,
"19021","2013-10-07T19:19:50.000Z","96",,
"83712","2013-09-16T20:12:28.000Z","2340","0","0"
"13431","2013-10-02T21:46:14.000Z","53",,
"89498","2013-09-27T12:31:58.000Z","2114","0","0"
"17425","2013-10-08T15:26:45.000Z","2133",,
"12455","2013-09-17T04:40:44.000Z","180",,
"85179","2013-09-12T16:19:37.000Z","2341","0","0"
"85202","2013-09-14T15:22:25.000Z","1147","0","0"
"12328","2013-08-11T11:40:57.000Z","147",,
"82920","2013-09-10T18:42:20.000Z","740","0","0"
"76398","2013-09-11T22:16:57.000Z","785","0","0"
"10277","2013-08-10T15:59:34.000Z","248",,
"90971","2013-09-09T23:51:45.000Z","1086","0","0"
"14240","2013-09-17T00:41:50.000Z","60",,
"10126","2013-08-13T22:39:07.000Z","74",,
"29808","2013-09-11T20:34:49.000Z","506",,
"10036","2013-08-22T19:58:02.000Z","88",,
"13297","2013-09-06T20:52:40.000Z","103",,
"13299","2013-09-23T18:50:34.000Z","110",,
"8128","2013-07-22T16:33:31.000Z","50",,
"8169","2013-08-02T00:18:41.000Z","44",,
"22116","2013-07-18T15:21:16.000Z","359",,
"6565","2013-07-20T18:30:59.000Z","36",,
"7525","2013-07-21T19:17:11.000Z","30",,
"11268","2013-07-31T21:18:51.000Z","104",,
"8053","2013-08-13T16:13:13.000Z","37",,
"6902","2013-07-19T02:51:13.000Z","36",,
"7428","2013-07-22T22:06:03.000Z","43",,
"11905","2013-08-01T00:23:21.000Z","48",,
"10907","2013-07-20T00:03:09.000Z","96",,
"8052","2013-08-02T18:52:14.000Z","20",,
"7213","2013-06-29T02:58:10.000Z","39",,
"9263","2013-07-15T00:27:28.000Z","40",,
"8737","2013-06-21T06:07:58.000Z","106",,
"9050","2013-06-18T01:17:17.000Z","129",,
"6612","2013-06-27T16:26:32.000Z","39",,
"7071","2013-07-17T06:26:26.000Z","45",,
"6367","2013-07-15T22:32:17.000Z","85",,
"6790","2013-07-16T17:32:31.000Z","30",,
"8559","2013-07-08T21:18:19.000Z","23",,
"6657","2013-06-18T16:54:54.000Z","41",,
"11302","2013-08-06T16:37:29.000Z","56",,
"7290","2013-07-26T17:32:10.000Z","20",,
"27323","2013-06-22T19:24:37.000Z","1627",,
"75085","2013-09-19T20:53:56.000Z","1148","0","0"
"6960","2013-06-26T23:14:36.000Z","25",,
"11386","2013-08-07T14:03:21.000Z","106",,
"6891","2013-06-01T17:54:55.000Z","74",,
"6476","2013-05-04T16:24:47.000Z","34",,
"11067","2013-05-12T14:59:16.000Z","74",,
"6111","2013-05-17T18:34:29.000Z","30",,
"7122","2013-06-15T19:58:04.000Z","17",,
"5867","2013-06-15T19:16:31.000Z","41",,
"5999","2013-05-20T00:34:46.000Z","17",,
"6991","2013-06-07T20:42:53.000Z","21",,
"6267","2013-06-17T17:43:34.000Z","115",,
"6107","2013-06-11T22:11:53.000Z","28",,
"12600","2013-06-12T23:52:25.000Z","200",,
"5289","2013-04-09T23:01:40.000Z","77",,
"6183","2013-05-15T01:55:53.000Z","48",,
"5632","2013-04-25T23:18:41.000Z","22",,
"4823","2013-04-09T18:17:15.000Z","19",,
"12158","2013-04-16T05:22:46.000Z","745",,
"6251","2013-04-14T23:39:17.000Z","17",,
"10544","2013-04-12T22:31:40.000Z","75",,
"5476","2013-04-12T18:20:55.000Z","17",,
"5023","2013-04-28T03:39:57.000Z","14",,
"7770","2013-04-09T02:07:03.000Z","344",,
"6647","2013-04-21T01:38:10.000Z","29",,
"4850","2013-04-16T23:10:46.000Z","26",,
"10849","2013-04-29T07:39:54.000Z","157",,
"4705","2013-03-17T16:54:10.000Z","19",,
"6074","2013-03-18T18:57:04.000Z","32",,
"5546","2013-03-20T17:11:06.000Z","47",,
"5525","2013-03-16T00:43:12.000Z","24",,
"5663","2013-03-20T01:19:59.000Z","51",,
"5366","2013-04-06T19:50:55.000Z","51",,
"12531","2013-03-09T02:04:10.000Z","312",,
"4496","2013-03-30T22:48:56.000Z","51",,
"5315","2013-03-24T02:02:37.000Z","26",,
"5806","2013-03-11T15:37:43.000Z","38",,
"5288","2013-03-09T23:23:15.000Z","14",,
"7178","2013-02-07T20:55:15.000Z","413",,
"6461","2013-02-05T00:30:35.000Z","51",,
"4776","2013-02-26T19:42:23.000Z","42",,
"5488","2013-01-26T22:30:29.000Z","29",,
"8643","2013-01-28T23:11:40.000Z","79",,
"4219","2013-02-11T14:59:28.000Z","15",,
"6244","2013-01-24T20:12:38.000Z","67",,
"6647","2013-02-08T19:55:56.000Z","64",,
"6425","2013-02-06T04:34:16.000Z","93",,
"4576","2013-02-08T22:51:08.000Z","39",,
"4986","2013-03-29T17:59:10.000Z","14",,
"5671","2013-02-15T22:11:55.000Z","47",,
"4225","2013-01-30T20:00:36.000Z","22",,
"5400","2013-01-19T21:07:49.000Z","27",,
"7523","2013-01-08T20:32:57.000Z","76",,
"5169","2013-01-10T00:51:28.000Z","76",,
"4037","2013-01-04T22:17:12.000Z","13",,
"4458","2012-12-29T00:22:42.000Z","25",,
"4842","2013-01-18T20:16:48.000Z","38",,
"4091","2013-01-01T04:42:33.000Z","20",,
"5250","2012-12-20T18:58:40.000Z","52",,
"4053","2013-01-16T23:54:48.000Z","18",,
"7227","2012-12-26T18:15:47.000Z","92",,
"3817","2013-01-07T08:37:07.000Z","20",,
"3886","2012-12-13T18:50:23.000Z","18",,
"7601","2012-11-29T04:48:43.000Z","114",,
"5315","2012-12-18T22:57:38.000Z","52",,
"4162","2012-11-16T23:34:55.000Z","39",,
"5027","2012-12-09T16:11:05.000Z","34",,
"5579","2012-11-30T21:40:58.000Z","71",,
"3990","2012-11-24T19:00:58.000Z","7",,
"4152","2012-11-25T00:59:57.000Z","20",,
"6750","2012-11-19T02:08:12.000Z","93",,
"5522","2013-01-14T19:54:29.000Z","172",,
"4575","2012-11-25T00:20:21.000Z","20",,
"3873","2012-12-05T17:43:55.000Z","22",,
"8467","2012-12-08T21:12:27.000Z","123",,
"6400","2012-10-30T23:47:06.000Z","45",,
"3872","2012-11-08T21:43:27.000Z","16",,
"4918","2012-11-01T04:39:00.000Z","17",,
"3279","2012-11-10T14:54:52.000Z","7",,
"3997","2012-11-05T07:56:29.000Z","14",,
"3816","2012-10-30T21:53:46.000Z","15",,
"3340","2012-10-27T19:52:22.000Z","8",,
"4094","2012-11-10T21:24:01.000Z","18",,
"3549","2012-11-06T22:42:48.000Z","110",,
"6132","2012-11-07T04:28:49.000Z","83",,
"3995","2012-10-16T06:25:18.000Z","11",,
"3411","2012-10-26T01:37:42.000Z","6",,
"3191","2012-10-21T22:08:21.000Z","8",,
"4454","2012-10-25T06:19:12.000Z","16",,
"3775","2012-11-15T03:08:45.000Z","22",,
"4487","2012-10-22T18:36:00.000Z","29",,
"3189","2012-10-18T14:11:17.000Z","12",,
"4653","2012-10-22T03:03:08.000Z","30",,
"3556","2012-10-20T17:19:43.000Z","45",,
"3051","2012-10-17T13:47:50.000Z","11",,
"4478","2012-09-23T18:53:43.000Z","29",,
"3434","2012-09-23T16:13:18.000Z","8",,
"7983","2012-09-28T00:04:39.000Z","294",,
"3720","2012-10-27T00:09:59.000Z","40",,
"3238","2012-09-24T22:46:34.000Z","13",,
"3040","2012-10-07T21:34:11.000Z","12",,
"3215","2012-09-27T18:41:35.000Z","21",,
"4587","2012-09-24T04:02:01.000Z","22",,
"4461","2012-09-24T16:13:47.000Z","21",,
"3905","2012-09-23T23:15:48.000Z","20",,
"3726","2012-10-06T17:18:47.000Z","20",,
"10242","2012-10-04T18:38:41.000Z","306",,
"3299","2012-10-05T14:04:49.000Z","8",,
"3294","2012-10-28T19:18:18.000Z","12",,
"3263","2012-10-15T09:06:47.000Z","11",,
"4944","2012-10-15T03:11:48.000Z","20",,
"3243","2012-09-22T17:16:02.000Z","8",,
"3570","2012-09-22T06:32:02.000Z","16",,
"3482","2012-09-08T18:02:17.000Z","24",,
"4036","2012-09-06T18:11:52.000Z","37",,
"3412","2012-09-23T04:57:00.000Z","11",,
"5323","2012-09-16T01:39:36.000Z","60",,
"3209","2012-09-22T00:39:35.000Z","10",,
"4630","2012-09-11T15:56:10.000Z","83",,
"3792","2012-09-21T21:28:10.000Z","35",,
"3281","2012-09-21T14:19:40.000Z","16",,
"3149","2012-09-23T00:49:06.000Z","10",,
"3341","2012-07-29T02:38:23.000Z","13",,
"3246","2012-08-02T22:20:56.000Z","19",,
"4004","2012-08-22T17:56:27.000Z","46",,
"5117","2012-08-22T00:18:10.000Z","42",,
"3317","2012-07-27T13:36:15.000Z","50",,
"3369","2012-08-14T19:31:05.000Z","18",,
"3056","2012-09-20T22:21:36.000Z","18",,
"3434","2012-08-28T17:26:19.000Z","16",,
"3766","2012-08-06T21:33:32.000Z","17",,
"4093","2012-07-24T22:57:34.000Z","23",,
"3407","2012-08-15T05:04:26.000Z","12",,
"4822","2012-07-27T22:19:50.000Z","61",,
"3699","2012-08-09T16:45:06.000Z","100",,
"5302","2012-07-15T22:35:53.000Z","87",,
"3124","2012-07-15T20:28:17.000Z","15",,
"3594","2012-07-02T17:27:06.000Z","28",,
"4849","2012-07-16T19:04:58.000Z","25",,
"3056","2012-07-02T09:52:35.000Z","24",,
"3950","2012-07-03T00:44:05.000Z","41",,
"3402","2012-07-06T16:13:45.000Z","12",,
"3163","2012-07-17T12:20:11.000Z","15",,
"3294","2012-07-11T20:03:56.000Z","19",,
"2937","2012-07-18T19:58:53.000Z","18",,
"4233","2012-07-24T01:06:14.000Z","26",,
"5363","2012-07-18T23:25:39.000Z","62",,
"2927","2012-05-27T18:27:32.000Z","16",,
"3087","2012-06-09T22:43:11.000Z","20",,
"3411","2012-06-09T03:36:31.000Z","15",,
"3013","2012-05-29T01:33:06.000Z","29",,
"3137","2012-05-30T01:58:22.000Z","16",,
"3415","2012-06-23T23:53:43.000Z","70",,
"3656","2012-05-26T23:14:40.000Z","32",,
"3430","2012-05-21T17:56:03.000Z","21",,
"3209","2012-06-22T16:29:44.000Z","21",,
"3315","2012-06-10T21:39:34.000Z","24",,
"4200","2012-05-25T21:08:35.000Z","25",,
"3291","2012-05-25T03:54:26.000Z","23",,
"2865","2012-05-16T20:51:47.000Z","14",,
"5081","2012-05-07T07:45:10.000Z","44",,
"2873","2012-05-16T20:48:10.000Z","9",,
"3205","2012-05-19T18:23:39.000Z","9",,
"5916","2012-05-04T18:38:24.000Z","317",,
"3074","2012-05-01T20:16:40.000Z","37",,
"8490","2012-05-16T23:54:23.000Z","186",,
"3157","2012-05-16T20:47:20.000Z","15",,
"3168","2012-05-12T02:28:20.000Z","19",,
"4346","2012-05-15T17:20:03.000Z","75",,
"5249","2012-05-04T21:37:01.000Z","248",,
"2936","2012-05-04T06:13:58.000Z","20",,
"3564","2012-04-30T06:26:23.000Z","16",,
"2822","2012-05-01T16:45:29.000Z","22",,
"3591","2012-04-30T18:57:29.000Z","25",,
"3422","2012-04-28T07:58:55.000Z","13",,
"3750","2012-04-30T20:26:57.000Z","27",,
"3643","2012-04-26T22:20:24.000Z","82",,
"3552","2012-04-28T00:16:20.000Z","17",,
"3461","2012-04-23T08:24:49.000Z","18",,
"3322","2012-04-28T21:57:53.000Z","17",,
"3241","2012-04-27T22:33:53.000Z","19",,
"4095","2012-04-27T03:53:32.000Z","51",,
"3546","2012-04-22T23:39:02.000Z","19",,
"3362","2012-03-11T05:43:06.000Z","26",,
"3835","2012-02-22T02:19:28.000Z","31",,
"3615","2012-04-02T19:52:51.000Z","17",,
"3596","2012-03-05T06:21:54.000Z","26",,
"3935","2012-04-22T04:25:01.000Z","42",,
"4064","2012-02-28T02:28:08.000Z","19",,
"3992","2012-03-08T20:54:52.000Z","34",,
"3466","2012-04-21T01:32:08.000Z","20",,
"4315","2012-03-05T19:18:15.000Z","42",,
"3364","2012-04-04T03:05:14.000Z","17",,
"3776","2012-03-10T21:54:43.000Z","41",,
"3925","2012-02-16T03:43:39.000Z","37",,
"4879","2012-01-28T18:52:50.000Z","45",,
"4532","2012-02-02T21:56:26.000Z","31",,
"5893","2012-01-28T04:12:11.000Z","56",,
"8560","2012-01-28T04:07:15.000Z","91",,
"6191","2012-01-28T16:41:13.000Z","101",,
"11956","2012-01-28T04:10:13.000Z","171",,
"3856","2012-02-20T10:03:14.000Z","27",,
"4534","2012-01-30T15:58:55.000Z","36",,
"5788","2012-01-28T04:26:49.000Z","52",,
"12821","2012-01-28T04:04:26.000Z","270",,
"4459","2012-04-23T22:07:05.000Z","99",,
"4827","2012-01-30T06:51:49.000Z","54",,
"13886","2012-01-28T04:03:15.000Z","431",,
"27448","2011-12-15T08:00:32.000Z","5969",,
